label_id,source,source_product_name,source_product_id,source_label_url
1640,JP,"エフィエント錠2.5mg
エフィエント錠3.75mg
エフィエント錠5mg
エフィエントOD錠20mg",00068335,https://www.kegg.jp/medicus-bin/japic_med?japic_code=00068335
5764,US,"PRASUGREL TABLET, FILM COATED [ACCORD HEALTHCARE INC.]",cd6bf899-06b7-4f52-96c5-ffc94a7288ff.7,https://dailymed.nlm.nih.gov/dailymed/lookup.cfm?cd6bf899-06b7-4f52-96c5-ffc94a7288ff
6247,US,"PRASUGREL TABLET, FILM COATED [AUROBINDO PHARMA LIMITED]",596c923d-db8d-4b96-bf31-52186a38c30d.11,https://dailymed.nlm.nih.gov/dailymed/lookup.cfm?596c923d-db8d-4b96-bf31-52186a38c30d
10418,US,"PRASUGREL TABLET, FILM COATED [PANACEA BIOTEC LIMITED]",944c195a-de24-a44c-8baa-84b624b5ddcb.3,https://dailymed.nlm.nih.gov/dailymed/lookup.cfm?944c195a-de24-a44c-8baa-84b624b5ddcb
17552,US,"PRASUGREL TABLET, FILM COATED [A-S MEDICATION SOLUTIONS]",04e7e0e8-2199-438f-83db-6b8f0f219b99.8,https://dailymed.nlm.nih.gov/dailymed/lookup.cfm?04e7e0e8-2199-438f-83db-6b8f0f219b99
19723,US,"EFFIENT (PRASUGREL HYDROCHLORIDE) TABLET, COATED [COSETTE PHARMACEUTICALS, INC.]",69ea2d58-5353-4222-b61f-cab976fa7e5e.2,https://dailymed.nlm.nih.gov/dailymed/lookup.cfm?69ea2d58-5353-4222-b61f-cab976fa7e5e
20583,US,"PRASUGREL TABLET, FILM COATED [ASCEND LABORATORIES, LLC]",85c41426-e3a4-4133-8328-e0367693a9c9.6,https://dailymed.nlm.nih.gov/dailymed/lookup.cfm?85c41426-e3a4-4133-8328-e0367693a9c9
22396,US,"PRASUGREL (PRASUGREL HYDROCHLORIDE) TABLET, FILM COATED [LUPIN PHARMACEUTICALS, INC.]",8b67ca60-d7e4-4c04-bbc6-dae86a7c7675.13,https://dailymed.nlm.nih.gov/dailymed/lookup.cfm?8b67ca60-d7e4-4c04-bbc6-dae86a7c7675
23154,US,"PRASUGREL TABLET, FILM COATED [MYLAN PHARMACEUTICALS INC.]",41a4e332-6725-4cb7-940a-8291cf56cfe4.9,https://dailymed.nlm.nih.gov/dailymed/lookup.cfm?41a4e332-6725-4cb7-940a-8291cf56cfe4
24420,US,"PRASUGREL TABLET, FILM COATED [BRYANT RANCH PREPACK]",9c3994da-da45-43ce-9727-a842a43c5693.1,https://dailymed.nlm.nih.gov/dailymed/lookup.cfm?9c3994da-da45-43ce-9727-a842a43c5693
28412,US,"PRASUGREL TABLET, FILM COATED [AMERICAN HEALTH PACKAGING]",35aa7f3e-bbd8-4eae-b61f-29d1abca2224.1,https://dailymed.nlm.nih.gov/dailymed/lookup.cfm?35aa7f3e-bbd8-4eae-b61f-29d1abca2224
30009,US,"PRASUGREL TABLET, FILM COATED [LIBERTY PHARMACEUTICALS, INC.]",60853d14-ac2a-4e48-9c0c-afd8069b83c6.1,https://dailymed.nlm.nih.gov/dailymed/lookup.cfm?60853d14-ac2a-4e48-9c0c-afd8069b83c6
31633,US,"PRASUGREL TABLET, FILM COATED [APOTEX CORP.]",f51e64e0-f556-65d0-a876-fb709aaeefea.8,https://dailymed.nlm.nih.gov/dailymed/lookup.cfm?f51e64e0-f556-65d0-a876-fb709aaeefea
38822,US,"PRASUGREL TABLET, FILM COATED [UNICHEM PHARMACEUTICALS (USA), INC.]",5edc1ab3-5c7a-47d6-8aaa-00523c9b4c8f.4,https://dailymed.nlm.nih.gov/dailymed/lookup.cfm?5edc1ab3-5c7a-47d6-8aaa-00523c9b4c8f
39620,US,"PRASUGREL TABLET, FILM COATED [AMNEAL PHARMACEUTICALS LLC]",406cc201-89b6-43cc-9e14-a59327a5b4d8.13,https://dailymed.nlm.nih.gov/dailymed/lookup.cfm?406cc201-89b6-43cc-9e14-a59327a5b4d8
41593,US,"PRASUGREL TABLET, FILM COATED [GOLDEN STATE MEDICAL SUPPLY, INC.]",bb78f952-69a5-1620-e053-2a95a90afe97.4,https://dailymed.nlm.nih.gov/dailymed/lookup.cfm?bb78f952-69a5-1620-e053-2a95a90afe97
42235,US,"EFFIENT (PRASUGREL HYDROCHLORIDE) TABLET, FILM COATED [PHYSICIANS TOTAL CARE, INC.]",cb684ad9-0b72-406f-8a07-a419254ccd36.1,https://dailymed.nlm.nih.gov/dailymed/lookup.cfm?cb684ad9-0b72-406f-8a07-a419254ccd36
49577,UK,Prasugrel 10 mg Film Coated Tablets,100072,https://www.medicines.org.uk/emc/product/100072/smpc
49816,UK,Prasugrel Waymade 10 mg film-coated tablets,12531,https://www.medicines.org.uk/emc/product/12531/smpc
50638,UK,Prasugrel Mylan 10 mg film-coated tablets,9891,https://www.medicines.org.uk/emc/product/9891/smpc
50998,UK,Prasugrel 10 mg film-coated tablets,15829,https://www.medicines.org.uk/emc/product/15829/smpc
51225,UK,Prasugrel Krka 5 mg film-coated tablets,14500,https://www.medicines.org.uk/emc/product/14500/smpc
53121,UK,Prasugrel 5 mg film-coated tablets,15830,https://www.medicines.org.uk/emc/product/15830/smpc
53764,UK,Prasugrel Krka 10 mg film-coated tablets,14557,https://www.medicines.org.uk/emc/product/14557/smpc
56223,UK,Prasugrel 5mg Film-Coated Tablets,9987,https://www.medicines.org.uk/emc/product/9987/smpc
56472,UK,Prasugrel 5 mg Film Coated Tablets,100071,https://www.medicines.org.uk/emc/product/100071/smpc
56639,UK,Prasugrel 10mg Film-Coated Tablets,9988,https://www.medicines.org.uk/emc/product/9988/smpc
56990,UK,Prasugrel Waymade 5 mg film-coated tablets,12530,https://www.medicines.org.uk/emc/product/12530/smpc
59439,EU,Efient,EMEA/H/C/000984,https://www.ema.europa.eu/en/medicines/human/EPAR/efient
