meddra_id,meddra_name,meddra_term_type
10000059,Abdominal discomfort,PT
10000081,Abdominal pain,PT
10001507,Agranulocytosis,PT
10001509,AIDS,LLT
10002034,Anaemia,PT
10002329,Aneurysm,PT
10002383,Angina pectoris,PT
10002424,Angioedema,PT
10002967,Aplastic anaemia,PT
10003658,Atrial fibrillation,PT
10003988,Back pain,PT
10005103,Bleeding,LLT
10005134,Bleeding tendency,LLT
10006093,Bradycardia,PT
10010300,Confusion,LLT
10010719,Conjunctival haemorrhage,PT
10010770,Consciousness disturbed,LLT
10010774,Constipation,PT
10011224,Cough,PT
10012727,Diarrhea,LLT
10012735,Diarrhoea,PT
10012769,DIC,LLT
10013082,Discomfort,PT
10013554,Diverticulum,PT
10013559,Diverticulum intestinal,PT
10013560,Diverticulum intestinal haemorrhagic,PT
10013573,Dizziness,PT
10013836,Duodenal ulcer,PT
10013963,Dyspnea,LLT
10014080,Ecchymosis,PT
10015090,Epistaxis,PT
10015123,Erethism,LLT
10015150,Erythema,PT
10015856,Extrasystoles,PT
10015916,Eye disorder,PT
10015926,Eye haemorrhage,PT
10016256,Fatigue,PT
10017735,Gas,LLT
10017853,Gastritis,PT
10017884,Gastrooesophageal reflux,LLT
10017885,Gastrooesophageal reflux disease,PT
10017944,Gastrointestinal disorder,PT
10017955,Gastrointestinal haemorrhage,PT
10018230,GI bleed,LLT
10018276,Gingival bleeding,PT
10018836,Haematochezia,PT
10018852,Haematoma,PT
10018867,Haematuria,PT
10018910,Haemolysis,PT
10018916,Haemolytic anaemia,PT
10018964,Haemoptysis,PT
10018985,Haemorrhage intracranial,PT
10018991,Haemorrhage of digestive tract,LLT
10018999,Haemorrhage subcutaneous,PT
10019002,Haemorrhage symptom,LLT
10019211,Headache,PT
10019468,Hemiplegia,PT
10019674,Hepatic function disorder,LLT
10020604,Hypercholesterolemia,LLT
10020667,Hyperlipidemia,LLT
10020751,Hypersensitivity,PT
10020756,Hypersensitivity reaction,LLT
10020772,Hypertension,PT
10021097,Hypotension,PT
10021425,Immune system disorder,PT
10022116,Injury,PT
10022714,Intestinal ulcer,PT
10022763,Intracranial hemorrhage,LLT
10023126,Jaundice,PT
10024384,Leukopenia,PT
10025421,Macule,PT
10025482,Malaise,PT
10027011,Measles,PT
10027514,Metrorrhagia,LLT
10028024,Mouth haemorrhage,PT
10028813,Nausea,PT
10029333,Neurosis,PT
10030095,Oedema,PT
10030124,Oedema peripheral,PT
10030182,Oesophageal reflux,LLT
10033295,Overdose,PT
10033371,Pain,PT
10033425,Pain in extremity,PT
10033661,Pancytopenia,PT
10033799,Paralysis,PT
10034228,Peliosis,LLT
10034476,Pericardial haemorrhage,PT
10034570,Peripheral edema,LLT
10034754,Petechiae,PT
10037549,Purpura,PT
10037660,Pyrexia,PT
10037844,Rash,PT
10038063,Rectal haemorrhage,PT
10038867,Retinal haemorrhage,PT
10038980,Retroperitoneal haemorrhage,PT
10042345,Subcutaneous haematoma,PT
10042674,Swelling,PT
10043554,Thrombocytopenia,PT
10043561,Thrombocytopenic purpura,PT
10043648,Thrombotic thrombocytopenic purpura,PT
10043821,TIA,LLT
10045285,Ulcer,PT
10046274,Upper gastrointestinal haemorrhage,PT
10046735,Urticaria,PT
10046788,Uterine haemorrhage,PT
10046848,UTI,LLT
10047059,Vascular disorder,LLT
10047340,Vertigo,PT
10047655,Vitreous haemorrhage,PT
10047700,Vomiting,PT
10048975,Vascular pseudoaneurysm,PT
10048977,Pseudoaneurysm,LLT
10050584,Contusion,PT
10050953,Lower gastrointestinal haemorrhage,PT
10051099,Catheter site haemorrhage,PT
10051101,Puncture site haemorrhage,PT
10051373,Wound haemorrhage,PT
10052428,Wound,PT
10054787,Haemorrhoidal haemorrhage,PT
10054792,Inappetence,LLT
10055798,Haemorrhage,PT
10059175,Intestinal haemorrhage,PT
10061216,Infarction,PT
10062237,Renal impairment,PT
10062501,Non-cardiac chest pain,PT
10064346,STEMI,LLT
10065902,Vessel puncture site haematoma,PT
10066274,Cytopenia,PT
10070648,Vessel puncture site swelling,PT
10070921,Major bleed,LLT
10070922,Minor bleed,LLT
10071229,Procedural haemorrhage,PT
10072161,Puncture site swelling,PT
10075192,Internal haemorrhage,PT
10080284,Illness,PT
10080924,Thrombus,LLT
10081957,Puncture site haematoma,PT
10082490,Taste disorder,PT
10088133,NSTEMI,LLT
